{
   "dashboards": [{
      "autoswitchEnabled": false,
      "columnCount": 1,
      "columnProportion": "1",
      "creationTime": 1573844041354,
      "dashboardNavigations": {},
      "description": "",
      "disabled": false,
      "gridsterMaxColumns": 12,
      "hidden": false,
      "homeTab": false,
      "id": "84acda6b-1b23-4e2f-bd76-94fe752cf900",
      "importAttempts": 0,
      "importComplete": true,
      "isDefault": false,
      "locked": false,
      "name": "Zombie VMs",
      "rank": 116,
      "shared": false,
      "states": [],
      "temporary": false,
      "userId": "7a1efbdd-0647-4ea2-9b14-7f7e6581dc8c",
      "widgetInteractions": [
         {
            "type": "resourceId",
            "widgetIdProvider": "d2c21d5b-bb1e-4c10-bca6-5dacc6cb89e3",
            "widgetIdReceiver": "4f9af139-0810-469b-ad33-2bdf8724d516"
         },
         {
            "type": "resourceId",
            "widgetIdProvider": "d2c21d5b-bb1e-4c10-bca6-5dacc6cb89e3",
            "widgetIdReceiver": "54da0563-f3f0-49e3-bb6e-dcee84de20ca"
         },
         {
            "type": "resourceId",
            "widgetIdProvider": "d2c21d5b-bb1e-4c10-bca6-5dacc6cb89e3",
            "widgetIdReceiver": "99cb150a-6978-426e-b830-7dde060132bb"
         },
         {
            "type": "resourceId",
            "widgetIdProvider": "d2c21d5b-bb1e-4c10-bca6-5dacc6cb89e3",
            "widgetIdReceiver": "221b3f04-a7ed-41a8-9817-6775fb8fc8d2"
         },
         {
            "type": "resourceId",
            "widgetIdProvider": "d2c21d5b-bb1e-4c10-bca6-5dacc6cb89e3",
            "widgetIdReceiver": "f704fa8e-f392-4733-ac7c-6986c82d748c"
         },
         {
            "type": "resourceId",
            "widgetIdProvider": "d2c21d5b-bb1e-4c10-bca6-5dacc6cb89e3",
            "widgetIdReceiver": "e48392e7-3c8e-49fe-924c-904f4edd2b79"
         },
         {
            "type": "resourceId",
            "widgetIdProvider": "4f9af139-0810-469b-ad33-2bdf8724d516",
            "widgetIdReceiver": "b3bc8f8e-8798-462c-8681-a0e2db5c0be5"
         },
         {
            "type": "resourceId",
            "widgetIdProvider": "e48392e7-3c8e-49fe-924c-904f4edd2b79",
            "widgetIdReceiver": "b3bc8f8e-8798-462c-8681-a0e2db5c0be5"
         },
         {
            "type": "resourceId",
            "widgetIdProvider": "221b3f04-a7ed-41a8-9817-6775fb8fc8d2",
            "widgetIdReceiver": "b3bc8f8e-8798-462c-8681-a0e2db5c0be5"
         },
         {
            "type": "resourceId",
            "widgetIdProvider": "f704fa8e-f392-4733-ac7c-6986c82d748c",
            "widgetIdReceiver": "b3bc8f8e-8798-462c-8681-a0e2db5c0be5"
         },
         {
            "type": "resourceId",
            "widgetIdProvider": "99cb150a-6978-426e-b830-7dde060132bb",
            "widgetIdReceiver": "b3bc8f8e-8798-462c-8681-a0e2db5c0be5"
         },
         {
            "type": "resourceId",
            "widgetIdProvider": "54da0563-f3f0-49e3-bb6e-dcee84de20ca",
            "widgetIdReceiver": "b3bc8f8e-8798-462c-8681-a0e2db5c0be5"
         },
         {
            "type": "resourceId",
            "widgetIdProvider": "e48392e7-3c8e-49fe-924c-904f4edd2b79",
            "widgetIdReceiver": "782d0993-306c-46c5-83da-751c566c5dc4"
         },
         {
            "type": "resourceId",
            "widgetIdProvider": "4f9af139-0810-469b-ad33-2bdf8724d516",
            "widgetIdReceiver": "782d0993-306c-46c5-83da-751c566c5dc4"
         },
         {
            "type": "resourceId",
            "widgetIdProvider": "221b3f04-a7ed-41a8-9817-6775fb8fc8d2",
            "widgetIdReceiver": "782d0993-306c-46c5-83da-751c566c5dc4"
         },
         {
            "type": "resourceId",
            "widgetIdProvider": "99cb150a-6978-426e-b830-7dde060132bb",
            "widgetIdReceiver": "782d0993-306c-46c5-83da-751c566c5dc4"
         },
         {
            "type": "resourceId",
            "widgetIdProvider": "54da0563-f3f0-49e3-bb6e-dcee84de20ca",
            "widgetIdReceiver": "782d0993-306c-46c5-83da-751c566c5dc4"
         },
         {
            "type": "resourceId",
            "widgetIdProvider": "e48392e7-3c8e-49fe-924c-904f4edd2b79",
            "widgetIdReceiver": "b6ff4877-f27a-4a36-8970-609a2985d9b2"
         },
         {
            "type": "resourceId",
            "widgetIdProvider": "4f9af139-0810-469b-ad33-2bdf8724d516",
            "widgetIdReceiver": "b6ff4877-f27a-4a36-8970-609a2985d9b2"
         },
         {
            "type": "resourceId",
            "widgetIdProvider": "221b3f04-a7ed-41a8-9817-6775fb8fc8d2",
            "widgetIdReceiver": "b6ff4877-f27a-4a36-8970-609a2985d9b2"
         },
         {
            "type": "resourceId",
            "widgetIdProvider": "99cb150a-6978-426e-b830-7dde060132bb",
            "widgetIdReceiver": "b6ff4877-f27a-4a36-8970-609a2985d9b2"
         },
         {
            "type": "resourceId",
            "widgetIdProvider": "f704fa8e-f392-4733-ac7c-6986c82d748c",
            "widgetIdReceiver": "b6ff4877-f27a-4a36-8970-609a2985d9b2"
         },
         {
            "type": "resourceId",
            "widgetIdProvider": "54da0563-f3f0-49e3-bb6e-dcee84de20ca",
            "widgetIdReceiver": "b6ff4877-f27a-4a36-8970-609a2985d9b2"
         }
      ],
      "widgets": [
         {
            "collapsed": false,
            "config": {
               "chartViewItems": [],
               "isUpdatedView": true,
               "refreshContent": {"refreshContent": false},
               "refreshInterval": 300,
               "resource": null,
               "selectFirstRow": {"selectFirstRow": false},
               "selfProvider": {"selfProvider": false},
               "title": "Virtual Machine Hardware Versions (Oldest First)",
               "traversalSpecId": "",
               "viewDefinitionId": "a008a754-0aab-40a4-9de0-35a1079be866"
            },
            "gridsterCoords": {
               "h": 4,
               "w": 3,
               "x": 4,
               "y": 5
            },
            "height": 210,
            "id": "4f9af139-0810-469b-ad33-2bdf8724d516",
            "title": "Virtual Machine Hardware Versions (Oldest First)",
            "type": "View"
         },
         {
            "collapsed": false,
            "config": {
               "chartViewItems": [],
               "isUpdatedView": true,
               "refreshContent": {"refreshContent": false},
               "refreshInterval": 300,
               "resource": null,
               "selectFirstRow": {"selectFirstRow": false},
               "selfProvider": {"selfProvider": false},
               "title": "Virtual Machine VMware Tools Versions (Oldest First)",
               "traversalSpecId": "",
               "viewDefinitionId": "6f620925-3b6d-457b-896c-a923b2913d37"
            },
            "gridsterCoords": {
               "h": 4,
               "w": 3,
               "x": 4,
               "y": 21
            },
            "height": 210,
            "id": "54da0563-f3f0-49e3-bb6e-dcee84de20ca",
            "title": "Virtual Machine VMware Tools Versions (Oldest First)",
            "type": "View"
         },
         {
            "collapsed": false,
            "config": {
               "additionalColumns": [],
               "customFilter": {
                  "excludedResources": null,
                  "filter": [],
                  "includedResources": null
               },
               "depth": 1,
               "filterMode": "tagPicker",
               "mode": "all",
               "refreshContent": {"refreshContent": false},
               "refreshInterval": 300,
               "relationshipMode": {"relationshipMode": 0},
               "resource": [],
               "selectFirstRow": {"selectFirstRow": false},
               "selfProvider": {"selfProvider": false},
               "tagFilter": {
                  "path": [
                     "/source/adapterKind/adapterKind:adapterKind:id:0_::_",
                     "/source/kind/kind:resourceKind:id:0_::_",
                     "/source/kind/kind:resourceKind:id:1_::_"
                  ],
                  "value": {
                     "adapterInstance": [],
                     "adapterKind": ["adapterKind:id:0_::_"],
                     "bus": [],
                     "collector": [],
                     "day": [],
                     "exclaim": false,
                     "healthRange": [],
                     "kind": [
                        "resourceKind:id:0_::_",
                        "resourceKind:id:1_::_"
                     ],
                     "maintenanceSchedule": [],
                     "state": [],
                     "status": [],
                     "tag": [],
                     "tier": []
                  }
               },
               "title": "1. Select a vCenter Server or Datacenter to Analyze"
            },
            "gridsterCoords": {
               "h": 4,
               "w": 3,
               "x": 1,
               "y": 1
            },
            "height": 210,
            "id": "d2c21d5b-bb1e-4c10-bca6-5dacc6cb89e3",
            "states": [{
               "key": "permResGrid_widget_84acda6b-1b23-4e2f-bd76-94fe752cf900_d2c21d5b-bb1e-4c10-bca6-5dacc6cb89e3",
               "value": "o%3Acolumns%3Da%253Ao%25253Aid%25253Ds%2525253Ah1%25255Ehidden%25253Db%2525253A1%25255Ewidth%25253Dn%2525253A100%255Eo%25253Aid%25253Ds%2525253Ah2%255Eo%25253Aid%25253Ds%2525253Ah3%25255Ehidden%25253Db%2525253A1%25255Ewidth%25253Dn%2525253A100%255Eo%25253Aid%25253Ds%2525253Ah4%255Eo%25253Aid%25253Ds%2525253Ah5%255Eo%25253Aid%25253Ds%2525253Ah6%255Eo%25253Aid%25253Ds%2525253Ah7%25255Ehidden%25253Db%2525253A1%25255Ewidth%25253Dn%2525253A100%255Eo%25253Aid%25253Ds%2525253Ah8%25255Ehidden%25253Db%2525253A1%25255Ewidth%25253Dn%2525253A100%255Eo%25253Aid%25253Ds%2525253Ah9%25255Ehidden%25253Db%2525253A1%25255Ewidth%25253Dn%2525253A100%255Eo%25253Aid%25253Ds%2525253Ah10%25255Ehidden%25253Db%2525253A1%25255Ewidth%25253Dn%2525253A100%255Eo%25253Aid%25253Ds%2525253Ah11%25255Ehidden%25253Db%2525253A1%25255Ewidth%25253Dn%2525253A100%255Eo%25253Aid%25253Ds%2525253Ah12%25255Ehidden%25253Db%2525253A1%25255Ewidth%25253Dn%2525253A100%255Eo%25253Aid%25253Ds%2525253Ah13%25255Ehidden%25253Db%2525253A1%25255Ewidth%25253Dn%2525253A100%255Eo%25253Aid%25253Ds%2525253Ah14%255Eo%25253Aid%25253Ds%2525253Ah15%25255Ehidden%25253Db%2525253A0%255Eo%25253Aid%25253Ds%2525253Ah16%25255Ehidden%25253Db%2525253A1%25255Ewidth%25253Dn%2525253A100%255Eo%25253Aid%25253Ds%2525253Ah17%25255Ehidden%25253Db%2525253A1%25255Ewidth%25253Dn%2525253A100%255Eo%25253Aid%25253Ds%2525253Ah18%25255Ehidden%25253Db%2525253A1%25255Ewidth%25253Dn%2525253A100%255Eo%25253Aid%25253Ds%2525253Ah19%25255Ehidden%25253Db%2525253A1%25255Ewidth%25253Dn%2525253A100%255Eo%25253Aid%25253Ds%2525253Ah20%25255Ehidden%25253Db%2525253A1%25255Ewidth%25253Dn%2525253A100%255Eo%25253Aid%25253Ds%2525253Ah21%25255Ehidden%25253Db%2525253A1%25255Ewidth%25253Dn%2525253A100%255Eo%25253Aid%25253Ds%2525253Ah22%25255Ehidden%25253Db%2525253A1%25255Ewidth%25253Dn%2525253A100%255Eo%25253Aid%25253Ds%2525253Ah23%25255Ehidden%25253Db%2525253A1%25255Ewidth%25253Dn%2525253A100%255Eo%25253Aid%25253Ds%2525253Ah24%25255Ehidden%25253Db%2525253A1%25255Ewidth%25253Dn%2525253A100%255Eo%25253Aid%25253Ds%2525253Ah25%25255Ehidden%25253Db%2525253A1%25255Ewidth%25253Dn%2525253A100%255Eo%25253Aid%25253Ds%2525253Ah26%25255Ehidden%25253Db%2525253A1%25255Ewidth%25253Dn%2525253A100%255Eo%25253Aid%25253Ds%2525253Ah27%25255Ehidden%25253Db%2525253A1%25255Ewidth%25253Dn%2525253A100%255Eo%25253Aid%25253Ds%2525253Ah28%25255Ehidden%25253Db%2525253A1%25255Ewidth%25253Dn%2525253A100%255Eo%25253Aid%25253Ds%2525253Ah29%25255Ehidden%25253Db%2525253A1%25255Ewidth%25253Dn%2525253A100%255Eo%25253Aid%25253Ds%2525253Ah30%25255Ehidden%25253Db%2525253A1%25255Ewidth%25253Dn%2525253A100%255Eo%25253Aid%25253Ds%2525253Ah31%25255Ehidden%25253Db%2525253A1%25255Ewidth%25253Dn%2525253A100%255Eo%25253Aid%25253Ds%2525253Ah32%25255Ehidden%25253Db%2525253A1%25255Ewidth%25253Dn%2525253A100%255Eo%25253Aid%25253Ds%2525253Ah33%25255Ehidden%25253Db%2525253A1%25255Ewidth%25253Dn%2525253A100%255Eo%25253Aid%25253Ds%2525253Ah34%25255Ehidden%25253Db%2525253A1%25255Ewidth%25253Dn%2525253A100%255Eo%25253Aid%25253Ds%2525253Ah35%25255Ehidden%25253Db%2525253A1%25255Ewidth%25253Dn%2525253A100%255Eo%25253Aid%25253Ds%2525253Ah36%25255Ehidden%25253Db%2525253A1%25255Ewidth%25253Dn%2525253A100%255Eo%25253Aid%25253Ds%2525253Ah37%25255Ehidden%25253Db%2525253A1%25255Ewidth%25253Dn%2525253A100%255Eo%25253Aid%25253Ds%2525253Ah38%25255Ehidden%25253Db%2525253A1%25255Ewidth%25253Dn%2525253A100%255Eo%25253Aid%25253Ds%2525253Ah39%25255Ehidden%25253Db%2525253A1%25255Ewidth%25253Dn%2525253A100%255Eo%25253Aid%25253Ds%2525253Ah40%25255Ehidden%25253Db%2525253A1%25255Ewidth%25253Dn%2525253A100%255Eo%25253Aid%25253Ds%2525253Ah41%25255Ehidden%25253Db%2525253A1%25255Ewidth%25253Dn%2525253A100%255Eo%25253Aid%25253Ds%2525253Ah42%25255Ehidden%25253Db%2525253A1%25255Ewidth%25253Dn%2525253A100%255Eo%25253Aid%25253Ds%2525253Ah43%25255Ehidden%25253Db%2525253A1%25255Ewidth%25253Dn%2525253A100%255Eo%25253Aid%25253Ds%2525253Ah44%25255Ehidden%25253Db%2525253A1%25255Ewidth%25253Dn%2525253A100%255Eo%25253Aid%25253Ds%2525253Ah45%25255Ehidden%25253Db%2525253A1%25255Ewidth%25253Dn%2525253A100%255Eo%25253Aid%25253Ds%2525253Ah46%25255Ehidden%25253Db%2525253A1%25255Ewidth%25253Dn%2525253A100"
            }],
            "title": "1. Select a vCenter Server or Datacenter to Analyze",
            "type": "ResourceList"
         },
         {
            "collapsed": false,
            "config": {
               "chartViewItems": [],
               "isUpdatedView": true,
               "refreshContent": {"refreshContent": false},
               "refreshInterval": 300,
               "resource": null,
               "selectFirstRow": {"selectFirstRow": false},
               "selfProvider": {"selfProvider": false},
               "title": "Virtual Machines Powered Off (Longest Powered Off First)",
               "traversalSpecId": "",
               "viewDefinitionId": "57b2ad57-ee82-4f91-b1aa-c43511040fb3"
            },
            "gridsterCoords": {
               "h": 4,
               "w": 3,
               "x": 4,
               "y": 13
            },
            "height": 210,
            "id": "99cb150a-6978-426e-b830-7dde060132bb",
            "title": "Virtual Machines Powered Off (Longest Powered Off First)",
            "type": "View"
         },
         {
            "collapsed": false,
            "config": {
               "chartViewItems": [],
               "isUpdatedView": true,
               "refreshContent": {"refreshContent": false},
               "refreshInterval": 300,
               "resource": null,
               "selectFirstRow": {"selectFirstRow": false},
               "selfProvider": {"selfProvider": false},
               "title": "Virtual Machines WIth High Uptime (Highest First)",
               "traversalSpecId": "",
               "viewDefinitionId": "d8493efa-6b70-471d-b29f-67ce05c1e97c"
            },
            "gridsterCoords": {
               "h": 4,
               "w": 3,
               "x": 4,
               "y": 9
            },
            "height": 210,
            "id": "221b3f04-a7ed-41a8-9817-6775fb8fc8d2",
            "title": "Virtual Machines WIth High Uptime (Highest First)",
            "type": "View"
         },
         {
            "collapsed": false,
            "config": {
               "chartViewItems": [],
               "isUpdatedView": true,
               "refreshContent": {"refreshContent": false},
               "refreshInterval": 300,
               "resource": null,
               "selectFirstRow": {"selectFirstRow": false},
               "selfProvider": {"selfProvider": false},
               "title": "Virtual Machines With Low Network Usage (Lowest First)",
               "traversalSpecId": "",
               "viewDefinitionId": "1ca21a21-ced3-41a5-92e4-ed62c8f41778"
            },
            "gridsterCoords": {
               "h": 4,
               "w": 3,
               "x": 4,
               "y": 17
            },
            "height": 210,
            "id": "f704fa8e-f392-4733-ac7c-6986c82d748c",
            "title": "Virtual Machines With Low Network Usage (Lowest First)",
            "type": "View"
         },
         {
            "collapsed": false,
            "config": {
               "chartViewItems": [],
               "isUpdatedView": true,
               "refreshContent": {"refreshContent": false},
               "refreshInterval": 300,
               "resource": null,
               "selectFirstRow": {"selectFirstRow": false},
               "selfProvider": {"selfProvider": false},
               "title": "Virtual Machines Created Over 1 Year Ago (Oldest First)",
               "traversalSpecId": "",
               "viewDefinitionId": "9bd111a0-0056-4ce4-8f61-76deff7b6146"
            },
            "gridsterCoords": {
               "h": 4,
               "w": 3,
               "x": 4,
               "y": 1
            },
            "height": 210,
            "id": "e48392e7-3c8e-49fe-924c-904f4edd2b79",
            "title": "Virtual Machines Created Over 1 Year Ago (Oldest First)",
            "type": "View"
         },
         {
            "collapsed": false,
            "config": {
               "customFilter": {
                  "excludedResources": null,
                  "filter": [],
                  "includedResources": null
               },
               "depth": 1,
               "metric": {
                  "mode": "resourceKind",
                  "resourceKindMetrics": [
                     {
                        "colorMethod": 2,
                        "id": "extModel104372-1",
                        "isStringMetric": true,
                        "metricKey": "summary|runtime|powerState",
                        "metricName": "Summary|Runtime|Power State",
                        "metricUnitId": null,
                        "orangeBound": null,
                        "redBound": null,
                        "resourceKindId": "resourceKind:id:2_::_",
                        "resourceKindName": "Virtual Machine",
                        "unit": null,
                        "yellowBound": null
                     },
                     {
                        "colorMethod": 2,
                        "id": "extModel94022-3",
                        "isStringMetric": false,
                        "metricKey": "cpu|usagemhz_average",
                        "metricName": "CPU|Usage",
                        "metricUnitId": "mhz",
                        "orangeBound": null,
                        "redBound": null,
                        "resourceKindId": "resourceKind:id:2_::_",
                        "resourceKindName": "Virtual Machine",
                        "unit": "MHz",
                        "yellowBound": null
                     },
                     {
                        "colorMethod": 2,
                        "id": "extModel94022-4",
                        "isStringMetric": false,
                        "metricKey": "mem|usage_average",
                        "metricName": "Memory|Usage",
                        "metricUnitId": "percent",
                        "orangeBound": null,
                        "redBound": null,
                        "resourceKindId": "resourceKind:id:2_::_",
                        "resourceKindName": "Virtual Machine",
                        "unit": "%",
                        "yellowBound": null
                     },
                     {
                        "colorMethod": 2,
                        "id": "extModel94022-5",
                        "isStringMetric": false,
                        "metricKey": "net|usage_average",
                        "metricName": "Network|Usage Rate",
                        "metricUnitId": "kbps",
                        "orangeBound": null,
                        "redBound": null,
                        "resourceKindId": "resourceKind:id:2_::_",
                        "resourceKindName": "Virtual Machine",
                        "unit": "KBps",
                        "yellowBound": null
                     },
                     {
                        "colorMethod": 2,
                        "id": "extModel94022-1",
                        "isStringMetric": false,
                        "metricKey": "diskspace|used",
                        "metricName": "Disk Space|Virtual Machine used",
                        "metricUnitId": "gb",
                        "orangeBound": null,
                        "redBound": null,
                        "resourceKindId": "resourceKind:id:2_::_",
                        "resourceKindName": "Virtual Machine",
                        "unit": "GB",
                        "yellowBound": null
                     },
                     {
                        "colorMethod": 2,
                        "id": "extModel94022-2",
                        "isStringMetric": false,
                        "metricKey": "diskspace|snapshot",
                        "metricName": "Disk Space|Snapshot Space",
                        "metricUnitId": "gb",
                        "orangeBound": null,
                        "redBound": null,
                        "resourceKindId": "resourceKind:id:2_::_",
                        "resourceKindName": "Virtual Machine",
                        "unit": "GB",
                        "yellowBound": null
                     }
                  ],
                  "resourceMetrics": [],
                  "subMode": "resourceKindAll"
               },
               "refreshContent": {"refreshContent": false},
               "refreshInterval": 300,
               "relationshipMode": {"relationshipMode": 0},
               "resInteractionMode": null,
               "resource": [],
               "selfProvider": {"selfProvider": false},
               "title": "Selected VM Metrics"
            },
            "gridsterCoords": {
               "h": 19,
               "w": 3,
               "x": 9,
               "y": 1
            },
            "height": 1065,
            "id": "b3bc8f8e-8798-462c-8681-a0e2db5c0be5",
            "states": [
               {
                  "key": "permDateRange1_permMetricChart_widget_84acda6b-1b23-4e2f-bd76-94fe752cf900_b3bc8f8e-8798-462c-8681-a0e2db5c0be5",
                  "value": "s%3A%7B%22dateRange%22%3A%22dashboardTime%22%2C%22dateFrom%22%3Anull%2C%22dateTo%22%3Anull%2C%22timeFrom%22%3Anull%2C%22timeTo%22%3Anull%7D"
               },
               {
                  "key": "permMetricChart_widget_84acda6b-1b23-4e2f-bd76-94fe752cf900_b3bc8f8e-8798-462c-8681-a0e2db5c0be5",
                  "value": "o%3A"
               },
               {
                  "key": "permBtn_pan_permMetricChart_widget_84acda6b-1b23-4e2f-bd76-94fe752cf900_b3bc8f8e-8798-462c-8681-a0e2db5c0be5",
                  "value": "b%3A0"
               },
               {
                  "key": "permBtn_zoomAllGraphs_permMetricChart_widget_84acda6b-1b23-4e2f-bd76-94fe752cf900_b3bc8f8e-8798-462c-8681-a0e2db5c0be5",
                  "value": "b%3A0"
               }
            ],
            "title": "Selected VM Metrics",
            "type": "MetricChart"
         },
         {
            "collapsed": false,
            "config": {
               "autoZoom": {"autoSize": false},
               "customFilter": {
                  "excludedResources": null,
                  "filter": [],
                  "includedResources": null
               },
               "filterMode": "tagPicker",
               "nodeSize": null,
               "refreshContent": {"refreshContent": false},
               "refreshInterval": 300,
               "resourceId": null,
               "resourceName": null,
               "selfProvider": {"selfProvider": false},
               "tagFilter": null,
               "title": "Select VM Relationships"
            },
            "gridsterCoords": {
               "h": 6,
               "w": 2,
               "x": 7,
               "y": 1
            },
            "height": 324,
            "id": "782d0993-306c-46c5-83da-751c566c5dc4",
            "states": [{
               "key": "permResourceRelationship_widget_84acda6b-1b23-4e2f-bd76-94fe752cf900_782d0993-306c-46c5-83da-751c566c5dc4",
               "value": "o%3A"
            }],
            "title": "Select VM Relationships",
            "type": "ResourceRelationship"
         },
         {
            "collapsed": false,
            "config": {
               "chartViewItems": [],
               "isUpdatedView": true,
               "refreshContent": {"refreshContent": false},
               "refreshInterval": 300,
               "resource": null,
               "selectFirstRow": {"selectFirstRow": false},
               "selfProvider": {"selfProvider": false},
               "title": "Selected VM Summary Data",
               "traversalSpecId": "vSphere Hosts and Clusters-VMWARE-vSphere World",
               "viewDefinitionId": "6bc4a7ae-b2cc-41a1-bcaa-34fc7af1a6f5"
            },
            "gridsterCoords": {
               "h": 5,
               "w": 2,
               "x": 7,
               "y": 7
            },
            "height": 267,
            "id": "b6ff4877-f27a-4a36-8970-609a2985d9b2",
            "title": "Selected VM Summary Data",
            "type": "View"
         },
         {
            "collapsed": false,
            "config": {
               "locationFile": "",
               "locationUrl": "",
               "refreshContent": {"refreshContent": false},
               "refreshInterval": 5,
               "title": "vExpert Cloud Management",
               "viewModeHTML": true
            },
            "gridsterCoords": {
               "h": 5,
               "w": 3,
               "x": 1,
               "y": 5
            },
            "height": 267,
            "id": "96181391-422d-4734-9615-53a2495ab0c0",
            "title": "vExpert Cloud Management",
            "type": "TextDisplay"
         },
         {
            "collapsed": false,
            "config": {
               "chartViewItems": [],
               "isUpdatedView": true,
               "refreshContent": {"refreshContent": false},
               "refreshInterval": 300,
               "resource": {
                  "id": "Ext.vcops.chrome.model.Resource-1",
                  "resourceId": "resource:id:0_::_",
                  "resourceKindId": "002006VMWAREvSphere World",
                  "resourceName": "vSphere World",
                  "traversalSpecId": ""
               },
               "selectFirstRow": {"selectFirstRow": false},
               "selfProvider": {"selfProvider": true},
               "title": "How To Use This Dashboard",
               "traversalSpecId": null,
               "viewDefinitionId": "4be32014-386d-4ffb-bd0a-a3fdfadb6692"
            },
            "gridsterCoords": {
               "h": 6,
               "w": 3,
               "x": 1,
               "y": 10
            },
            "height": 324,
            "id": "78133ebf-40a9-460f-876e-9f709edf61f7",
            "title": "How To Use This Dashboard",
            "type": "View"
         }
      ]
   }],
   "entries": {
      "adapterKind": [{
         "adapterKindKey": "VMWARE",
         "internalId": "adapterKind:id:0_::_"
      }],
      "resource": [{
         "adapterKindKey": "VMWARE",
         "identifiers": [],
         "internalId": "resource:id:0_::_",
         "name": "vSphere World",
         "resourceKindKey": "vSphere World"
      }],
      "resourceKind": [
         {
            "adapterKindKey": "VMWARE",
            "internalId": "resourceKind:id:0_::_",
            "resourceKindKey": "Datacenter"
         },
         {
            "adapterKindKey": "VMWARE",
            "internalId": "resourceKind:id:1_::_",
            "resourceKindKey": "VMwareAdapter Instance"
         },
         {
            "adapterKindKey": "VMWARE",
            "internalId": "resourceKind:id:2_::_",
            "resourceKindKey": "VirtualMachine"
         }
      ]
   },
   "uuid": "f895400c-f414-4528-a878-cc73e13717a5"
}